"JavaFile","Category","Status","CSharpMapping","Notes"
"com/fspark/api/configs/BackupExecutionConfig.java","configs","ImplementedPendingParity","src/Flowzy.Api/Workers/BackupWorker.cs","Hosted queue worker and fixed-delay scheduler replace the Java executor/scheduled callback."
"com/fspark/api/configs/CustomAuthenticationEntryPoint.java","configs","Merged","src/Flowzy.Api/Program.cs","Merged into startup, middleware, authentication, Swagger, CORS, migration, and WebSocket configuration."
"com/fspark/api/configs/CustomUserDetails.java","configs","Merged","src/Flowzy.Api/Program.cs","Merged into startup, middleware, authentication, Swagger, CORS, migration, and WebSocket configuration."
"com/fspark/api/configs/JacksonConfig.java","configs","Merged","src/Flowzy.Api/Program.cs","Merged into startup, middleware, authentication, Swagger, CORS, migration, and WebSocket configuration."
"com/fspark/api/configs/JwtAuthenticationFilter.java","configs","Merged","src/Flowzy.Api/Program.cs","Merged into startup, middleware, authentication, Swagger, CORS, migration, and WebSocket configuration."
"com/fspark/api/configs/OpenApiConfig.java","configs","Merged","src/Flowzy.Api/Program.cs","Merged into startup, middleware, authentication, Swagger, CORS, migration, and WebSocket configuration."
"com/fspark/api/configs/PasswordChangeRequiredFilter.java","configs","Merged","src/Flowzy.Api/Program.cs","Merged into startup, middleware, authentication, Swagger, CORS, migration, and WebSocket configuration."
"com/fspark/api/configs/RestClientConfig.java","configs","Merged","src/Flowzy.Api/Program.cs","Merged into startup, middleware, authentication, Swagger, CORS, migration, and WebSocket configuration."
"com/fspark/api/configs/SecurityConfig.java","configs","Merged","src/Flowzy.Api/Program.cs","Merged into startup, middleware, authentication, Swagger, CORS, migration, and WebSocket configuration."
"com/fspark/api/configs/WebSocketConfig.java","configs","Merged","src/Flowzy.Api/Program.cs","Merged into startup, middleware, authentication, Swagger, CORS, migration, and WebSocket configuration."
"com/fspark/api/controllers/AcademicTermController.java","controllers","ImplementedPendingParity","src/Flowzy.Api/Controllers/CatalogController.cs","Consolidated catalog read endpoints. Real actions verified against Java OpenAPI. Full domain behavior and FE acceptance not yet signed off."
"com/fspark/api/controllers/AdminFeedbackController.java","controllers","ImplementedPendingParity","src/Flowzy.Api/Controllers/AdminFeedbackController.cs","Real actions verified against Java OpenAPI. Full domain behavior and FE acceptance not yet signed off."
"com/fspark/api/controllers/AdminGroupController.java","controllers","ImplementedPendingParity","src/Flowzy.Api/Controllers/AdminGroupController.cs","Real actions verified against Java OpenAPI. Full domain behavior and FE acceptance not yet signed off."
"com/fspark/api/controllers/AdminProblemController.java","controllers","ImplementedPendingParity","src/Flowzy.Api/Controllers/AdminProblemController.cs","Real actions verified against Java OpenAPI. Full domain behavior and FE acceptance not yet signed off."
"com/fspark/api/controllers/AdminTermController.java","controllers","ImplementedPendingParity","src/Flowzy.Api/Controllers/AdminTermController.cs","Real actions verified against Java OpenAPI. Full domain behavior and FE acceptance not yet signed off."
"com/fspark/api/controllers/AdminUserController.java","controllers","ImplementedPendingParity","src/Flowzy.Api/Controllers/AdminUserController.cs","Real actions verified against Java OpenAPI. Full domain behavior and FE acceptance not yet signed off."
"com/fspark/api/controllers/AuthController.java","controllers","ImplementedPendingParity","src/Flowzy.Api/Controllers/AuthController.cs","Real actions verified against Java OpenAPI. Full domain behavior and FE acceptance not yet signed off."
"com/fspark/api/controllers/BackupController.java","controllers","ImplementedPendingParity","src/Flowzy.Api/Controllers/BackupController.cs","All seven operations implemented. HTTP/PostgreSQL tests include actual dump/download/restore on disposable DB; not a full production sign-off."
"com/fspark/api/controllers/CourseMilestoneController.java","controllers","ImplementedPendingParity","src/Flowzy.Api/Controllers/CourseMilestoneController.cs","Real actions verified against Java OpenAPI. Full domain behavior and FE acceptance not yet signed off."
"com/fspark/api/controllers/DashboardController.java","controllers","ImplementedPendingParity","src/Flowzy.Api/Controllers/DashboardController.cs","Real actions verified against Java OpenAPI. Full domain behavior and FE acceptance not yet signed off."
"com/fspark/api/controllers/FeedbackController.java","controllers","ImplementedPendingParity","src/Flowzy.Api/Controllers/FeedbackController.cs","Real actions verified against Java OpenAPI. Full domain behavior and FE acceptance not yet signed off."
"com/fspark/api/controllers/GroupController.java","controllers","ImplementedPendingParity","src/Flowzy.Api/Controllers/GroupController.cs","Real actions verified against Java OpenAPI. Full domain behavior and FE acceptance not yet signed off."
"com/fspark/api/controllers/GroupInvitationController.java","controllers","ImplementedPendingParity","src/Flowzy.Api/Controllers/GroupInvitationController.cs","Real actions verified against Java OpenAPI. Full domain behavior and FE acceptance not yet signed off."
"com/fspark/api/controllers/GroupJoinRequestController.java","controllers","ImplementedPendingParity","src/Flowzy.Api/Controllers/GroupJoinRequestController.cs","Real actions verified against Java OpenAPI. Full domain behavior and FE acceptance not yet signed off."
"com/fspark/api/controllers/GroupMeetingController.java","controllers","ImplementedPendingParity","src/Flowzy.Api/Controllers/GroupMeetingController.cs","Real actions verified against Java OpenAPI. Full domain behavior and FE acceptance not yet signed off."
"com/fspark/api/controllers/GroupProblemController.java","controllers","ImplementedPendingParity","src/Flowzy.Api/Controllers/GroupProblemController.cs","Real actions verified against Java OpenAPI. Full domain behavior and FE acceptance not yet signed off."
"com/fspark/api/controllers/GroupRecruitmentRoleController.java","controllers","ImplementedPendingParity","src/Flowzy.Api/Controllers/CatalogController.cs","Consolidated catalog read endpoints. Real actions verified against Java OpenAPI. Full domain behavior and FE acceptance not yet signed off."
"com/fspark/api/controllers/GroupTaskController.java","controllers","ImplementedPendingParity","src/Flowzy.Api/Controllers/GroupTaskController.cs","Real actions verified against Java OpenAPI. Full domain behavior and FE acceptance not yet signed off."
"com/fspark/api/controllers/ImportController.java","controllers","ImplementedPendingParity","src/Flowzy.Api/Controllers/ImportController.cs","Real actions verified against Java OpenAPI. Full domain behavior and FE acceptance not yet signed off."
"com/fspark/api/controllers/InstructorGroupBoardController.java","controllers","ImplementedPendingParity","src/Flowzy.Api/Controllers/InstructorGroupBoardController.cs","Real actions verified against Java OpenAPI. Full domain behavior and FE acceptance not yet signed off."
"com/fspark/api/controllers/InstructorProblemController.java","controllers","ImplementedPendingParity","src/Flowzy.Api/Controllers/InstructorProblemController.cs","Real actions verified against Java OpenAPI. Full domain behavior and FE acceptance not yet signed off."
"com/fspark/api/controllers/InstructorSubmissionController.java","controllers","ImplementedPendingParity","src/Flowzy.Api/Controllers/InstructorSubmissionController.cs","Real actions verified against Java OpenAPI. Full domain behavior and FE acceptance not yet signed off."
"com/fspark/api/controllers/MentorAvailabilityController.java","controllers","ImplementedPendingParity","src/Flowzy.Api/Controllers/MentorAvailabilityController.cs","Real actions verified against Java OpenAPI. Full domain behavior and FE acceptance not yet signed off."
"com/fspark/api/controllers/MentorMeetingReportController.java","controllers","ImplementedPendingParity","src/Flowzy.Api/Controllers/MentorMeetingReportController.cs","Real actions verified against Java OpenAPI. Full domain behavior and FE acceptance not yet signed off."
"com/fspark/api/controllers/MilestoneGradeController.java","controllers","ImplementedPendingParity","src/Flowzy.Api/Controllers/MilestoneGradeController.cs","Real actions verified against Java OpenAPI. Full domain behavior and FE acceptance not yet signed off."
"com/fspark/api/controllers/MilestoneGradeMatrixController.java","controllers","ImplementedPendingParity","src/Flowzy.Api/Controllers/MilestoneGradeMatrixController.cs","Real actions verified against Java OpenAPI. Full domain behavior and FE acceptance not yet signed off."
"com/fspark/api/controllers/MilestoneSubmissionController.java","controllers","ImplementedPendingParity","src/Flowzy.Api/Controllers/MilestoneSubmissionController.cs","Real actions verified against Java OpenAPI. Full domain behavior and FE acceptance not yet signed off."
"com/fspark/api/controllers/NotificationController.java","controllers","ImplementedPendingParity","src/Flowzy.Api/Controllers/NotificationController.cs","Real actions verified against Java OpenAPI. Full domain behavior and FE acceptance not yet signed off."
"com/fspark/api/controllers/ProblemController.java","controllers","ImplementedPendingParity","src/Flowzy.Api/Controllers/CatalogController.cs","Consolidated catalog read endpoints. Real actions verified against Java OpenAPI. Full domain behavior and FE acceptance not yet signed off."
"com/fspark/api/controllers/ProblemCriteriaController.java","controllers","ImplementedPendingParity","src/Flowzy.Api/Controllers/CatalogController.cs","Consolidated catalog read endpoints. Real actions verified against Java OpenAPI. Full domain behavior and FE acceptance not yet signed off."
"com/fspark/api/controllers/ProblemDomainController.java","controllers","ImplementedPendingParity","src/Flowzy.Api/Controllers/CatalogController.cs","Consolidated catalog read endpoints. Real actions verified against Java OpenAPI. Full domain behavior and FE acceptance not yet signed off."
"com/fspark/api/controllers/ProblemImportController.java","controllers","ImplementedPendingParity","src/Flowzy.Api/Controllers/ProblemImportController.cs","Real actions verified against Java OpenAPI. Full domain behavior and FE acceptance not yet signed off."
"com/fspark/api/controllers/ProfileController.java","controllers","ImplementedPendingParity","src/Flowzy.Api/Controllers/ProfileController.cs","Real actions verified against Java OpenAPI. Full domain behavior and FE acceptance not yet signed off."
"com/fspark/api/controllers/StudentAccountImportController.java","controllers","ImplementedPendingParity","src/Flowzy.Api/Controllers/StudentAccountImportController.cs","Real actions verified against Java OpenAPI. Full domain behavior and FE acceptance not yet signed off."
"com/fspark/api/controllers/StudentController.java","controllers","ImplementedPendingParity","src/Flowzy.Api/Controllers/StudentController.cs","Real actions verified against Java OpenAPI. Full domain behavior and FE acceptance not yet signed off."
"com/fspark/api/controllers/StudentGroupGradeController.java","controllers","ImplementedPendingParity","src/Flowzy.Api/Controllers/StudentGroupGradeController.cs","Real actions verified against Java OpenAPI. Full domain behavior and FE acceptance not yet signed off."
"com/fspark/api/controllers/TaskBoardController.java","controllers","ImplementedPendingParity","src/Flowzy.Api/Controllers/TaskBoardController.cs","Real actions verified against Java OpenAPI. Full domain behavior and FE acceptance not yet signed off."
"com/fspark/api/dtos/AcademicTermResponseDto.java","dtos","Generated","src/Flowzy.Service/Contracts/Generated/FsparkContracts.g.cs","Generated from the running Java OpenAPI oracle; hand-written implemented DTOs override this where behavior is ported."
"com/fspark/api/dtos/ActivityActorDto.java","dtos","Generated","src/Flowzy.Service/Contracts/Generated/FsparkContracts.g.cs","Generated from the running Java OpenAPI oracle; hand-written implemented DTOs override this where behavior is ported."
"com/fspark/api/dtos/AdminChangePasswordRequest.java","dtos","Generated","src/Flowzy.Service/Contracts/Generated/FsparkContracts.g.cs","Generated from the running Java OpenAPI oracle; hand-written implemented DTOs override this where behavior is ported."
"com/fspark/api/dtos/AdminDashboardOverviewDto.java","dtos","Generated","src/Flowzy.Service/Contracts/Generated/FsparkContracts.g.cs","Generated from the running Java OpenAPI oracle; hand-written implemented DTOs override this where behavior is ported."
"com/fspark/api/dtos/AdminFeedbackResponseDto.java","dtos","Generated","src/Flowzy.Service/Contracts/Generated/FsparkContracts.g.cs","Generated from the running Java OpenAPI oracle; hand-written implemented DTOs override this where behavior is ported."
"com/fspark/api/dtos/AdminUserDetailDto.java","dtos","Generated","src/Flowzy.Service/Contracts/Generated/FsparkContracts.g.cs","Generated from the running Java OpenAPI oracle; hand-written implemented DTOs override this where behavior is ported."
"com/fspark/api/dtos/AdminUserSummaryDto.java","dtos","Generated","src/Flowzy.Service/Contracts/Generated/FsparkContracts.g.cs","Generated from the running Java OpenAPI oracle; hand-written implemented DTOs override this where behavior is ported."
"com/fspark/api/dtos/APIResponse.java","dtos","Generated","src/Flowzy.Service/Contracts/Generated/FsparkContracts.g.cs","Generated from the running Java OpenAPI oracle; hand-written implemented DTOs override this where behavior is ported."
"com/fspark/api/dtos/ArchiveTermStudentsResponseDto.java","dtos","Generated","src/Flowzy.Service/Contracts/Generated/FsparkContracts.g.cs","Generated from the running Java OpenAPI oracle; hand-written implemented DTOs override this where behavior is ported."
"com/fspark/api/dtos/AssignInstructorRequest.java","dtos","Generated","src/Flowzy.Service/Contracts/Generated/FsparkContracts.g.cs","Generated from the running Java OpenAPI oracle; hand-written implemented DTOs override this where behavior is ported."
"com/fspark/api/dtos/AssignMentorRequest.java","dtos","Generated","src/Flowzy.Service/Contracts/Generated/FsparkContracts.g.cs","Generated from the running Java OpenAPI oracle; hand-written implemented DTOs override this where behavior is ported."
"com/fspark/api/dtos/AverageGradeDto.java","dtos","Generated","src/Flowzy.Service/Contracts/Generated/FsparkContracts.g.cs","Generated from the running Java OpenAPI oracle; hand-written implemented DTOs override this where behavior is ported."
"com/fspark/api/dtos/BackupJobDto.java","dtos","ImplementedPendingParity","src/Flowzy.Service/Contracts/BackupContracts.cs","Explicit runtime DTO."
"com/fspark/api/dtos/BackupScheduleSettingsDto.java","dtos","ImplementedPendingParity","src/Flowzy.Service/Contracts/BackupContracts.cs","Explicit runtime DTO."
"com/fspark/api/dtos/BoardColumnDto.java","dtos","Generated","src/Flowzy.Service/Contracts/Generated/FsparkContracts.g.cs","Generated from the running Java OpenAPI oracle; hand-written implemented DTOs override this where behavior is ported."
"com/fspark/api/dtos/BookMeetingRequest.java","dtos","Generated","src/Flowzy.Service/Contracts/Generated/FsparkContracts.g.cs","Generated from the running Java OpenAPI oracle; hand-written implemented DTOs override this where behavior is ported."
"com/fspark/api/dtos/CancelMeetingRequest.java","dtos","Generated","src/Flowzy.Service/Contracts/Generated/FsparkContracts.g.cs","Generated from the running Java OpenAPI oracle; hand-written implemented DTOs override this where behavior is ported."
"com/fspark/api/dtos/ChangeOwnPasswordRequest.java","dtos","Generated","src/Flowzy.Service/Contracts/Generated/FsparkContracts.g.cs","Generated from the running Java OpenAPI oracle; hand-written implemented DTOs override this where behavior is ported."
"com/fspark/api/dtos/ChecklistItemDto.java","dtos","ImplementedPendingParity","src/Flowzy.Service/Contracts/GroupTaskContracts.cs","Explicit runtime task contracts; generated oracle types are not used by these actions."
"com/fspark/api/dtos/ContributionAgreementDto.java","dtos","Generated","src/Flowzy.Service/Contracts/Generated/FsparkContracts.g.cs","Generated from the running Java OpenAPI oracle; hand-written implemented DTOs override this where behavior is ported."
"com/fspark/api/dtos/CourseMilestoneDto.java","dtos","Generated","src/Flowzy.Service/Contracts/Generated/FsparkContracts.g.cs","Generated from the running Java OpenAPI oracle; hand-written implemented DTOs override this where behavior is ported."
"com/fspark/api/dtos/CreateAcademicTermRequest.java","dtos","Generated","src/Flowzy.Service/Contracts/Generated/FsparkContracts.g.cs","Generated from the running Java OpenAPI oracle; hand-written implemented DTOs override this where behavior is ported."
"com/fspark/api/dtos/CreateAdminUserRequest.java","dtos","Generated","src/Flowzy.Service/Contracts/Generated/FsparkContracts.g.cs","Generated from the running Java OpenAPI oracle; hand-written implemented DTOs override this where behavior is ported."
"com/fspark/api/dtos/CreateAvailabilitySlotRequest.java","dtos","Generated","src/Flowzy.Service/Contracts/Generated/FsparkContracts.g.cs","Generated from the running Java OpenAPI oracle; hand-written implemented DTOs override this where behavior is ported."
"com/fspark/api/dtos/CreateChecklistItemRequest.java","dtos","ImplementedPendingParity","src/Flowzy.Service/Contracts/GroupTaskContracts.cs","Explicit runtime task contracts; generated oracle types are not used by these actions."
"com/fspark/api/dtos/CreateCourseMilestoneRequest.java","dtos","Generated","src/Flowzy.Service/Contracts/Generated/FsparkContracts.g.cs","Generated from the running Java OpenAPI oracle; hand-written implemented DTOs override this where behavior is ported."
"com/fspark/api/dtos/CreateGroupRequest.java","dtos","Generated","src/Flowzy.Service/Contracts/Generated/FsparkContracts.g.cs","Generated from the running Java OpenAPI oracle; hand-written implemented DTOs override this where behavior is ported."
"com/fspark/api/dtos/CreateInstructorProfileRequest.java","dtos","Generated","src/Flowzy.Service/Contracts/Generated/FsparkContracts.g.cs","Generated from the running Java OpenAPI oracle; hand-written implemented DTOs override this where behavior is ported."
"com/fspark/api/dtos/CreateInvitationRequest.java","dtos","Generated","src/Flowzy.Service/Contracts/Generated/FsparkContracts.g.cs","Generated from the running Java OpenAPI oracle; hand-written implemented DTOs override this where behavior is ported."
"com/fspark/api/dtos/CreateJoinRequestDto.java","dtos","Generated","src/Flowzy.Service/Contracts/Generated/FsparkContracts.g.cs","Generated from the running Java OpenAPI oracle; hand-written implemented DTOs override this where behavior is ported."
"com/fspark/api/dtos/CreateMentorMeetingRequest.java","dtos","Generated","src/Flowzy.Service/Contracts/Generated/FsparkContracts.g.cs","Generated from the running Java OpenAPI oracle; hand-written implemented DTOs override this where behavior is ported."
"com/fspark/api/dtos/CreateMentorProfileRequest.java","dtos","Generated","src/Flowzy.Service/Contracts/Generated/FsparkContracts.g.cs","Generated from the running Java OpenAPI oracle; hand-written implemented DTOs override this where behavior is ported."
"com/fspark/api/dtos/CreateMilestoneGradeRequest.java","dtos","Generated","src/Flowzy.Service/Contracts/Generated/FsparkContracts.g.cs","Generated from the running Java OpenAPI oracle; hand-written implemented DTOs override this where behavior is ported."
"com/fspark/api/dtos/CreateMilestoneOutcomeRequest.java","dtos","Generated","src/Flowzy.Service/Contracts/Generated/FsparkContracts.g.cs","Generated from the running Java OpenAPI oracle; hand-written implemented DTOs override this where behavior is ported."
"com/fspark/api/dtos/CreateMilestoneSubmissionRequest.java","dtos","Generated","src/Flowzy.Service/Contracts/Generated/FsparkContracts.g.cs","Generated from the running Java OpenAPI oracle; hand-written implemented DTOs override this where behavior is ported."
"com/fspark/api/dtos/CreateOrBookMentorMeetingRequest.java","dtos","Generated","src/Flowzy.Service/Contracts/Generated/FsparkContracts.g.cs","Generated from the running Java OpenAPI oracle; hand-written implemented DTOs override this where behavior is ported."
"com/fspark/api/dtos/CreateProblemDomainRequest.java","dtos","Generated","src/Flowzy.Service/Contracts/Generated/FsparkContracts.g.cs","Generated from the running Java OpenAPI oracle; hand-written implemented DTOs override this where behavior is ported."
"com/fspark/api/dtos/CreateProblemRequest.java","dtos","Generated","src/Flowzy.Service/Contracts/Generated/FsparkContracts.g.cs","Generated from the running Java OpenAPI oracle; hand-written implemented DTOs override this where behavior is ported."
"com/fspark/api/dtos/CreateStudentProfileRequest.java","dtos","Generated","src/Flowzy.Service/Contracts/Generated/FsparkContracts.g.cs","Generated from the running Java OpenAPI oracle; hand-written implemented DTOs override this where behavior is ported."
"com/fspark/api/dtos/CreateTaskBoardRequest.java","dtos","ImplementedPendingParity","src/Flowzy.Service/Contracts/PortedDomainContracts.cs","Explicit runtime board contracts."
"com/fspark/api/dtos/CreateTaskCommentRequest.java","dtos","ImplementedPendingParity","src/Flowzy.Service/Contracts/GroupTaskContracts.cs","Explicit runtime task contracts; generated oracle types are not used by these actions."
"com/fspark/api/dtos/CreateTaskRequest.java","dtos","ImplementedPendingParity","src/Flowzy.Service/Contracts/GroupTaskContracts.cs","Explicit runtime task contracts; generated oracle types are not used by these actions."
"com/fspark/api/dtos/DashboardCheckpointDto.java","dtos","Generated","src/Flowzy.Service/Contracts/Generated/FsparkContracts.g.cs","Generated from the running Java OpenAPI oracle; hand-written implemented DTOs override this where behavior is ported."
"com/fspark/api/dtos/DashboardExecutionStatusDto.java","dtos","Generated","src/Flowzy.Service/Contracts/Generated/FsparkContracts.g.cs","Generated from the running Java OpenAPI oracle; hand-written implemented DTOs override this where behavior is ported."
"com/fspark/api/dtos/DashboardGroupProgressDto.java","dtos","Generated","src/Flowzy.Service/Contracts/Generated/FsparkContracts.g.cs","Generated from the running Java OpenAPI oracle; hand-written implemented DTOs override this where behavior is ported."
"com/fspark/api/dtos/DashboardMeetingDto.java","dtos","Generated","src/Flowzy.Service/Contracts/Generated/FsparkContracts.g.cs","Generated from the running Java OpenAPI oracle; hand-written implemented DTOs override this where behavior is ported."
"com/fspark/api/dtos/DashboardMentorDto.java","dtos","Generated","src/Flowzy.Service/Contracts/Generated/FsparkContracts.g.cs","Generated from the running Java OpenAPI oracle; hand-written implemented DTOs override this where behavior is ported."
"com/fspark/api/dtos/DashboardMilestoneStatusDto.java","dtos","Generated","src/Flowzy.Service/Contracts/Generated/FsparkContracts.g.cs","Generated from the running Java OpenAPI oracle; hand-written implemented DTOs override this where behavior is ported."
"com/fspark/api/dtos/DashboardProjectDto.java","dtos","Generated","src/Flowzy.Service/Contracts/Generated/FsparkContracts.g.cs","Generated from the running Java OpenAPI oracle; hand-written implemented DTOs override this where behavior is ported."
"com/fspark/api/dtos/DashboardStatsDto.java","dtos","Generated","src/Flowzy.Service/Contracts/Generated/FsparkContracts.g.cs","Generated from the running Java OpenAPI oracle; hand-written implemented DTOs override this where behavior is ported."
"com/fspark/api/dtos/DashboardStudentProgressDto.java","dtos","Generated","src/Flowzy.Service/Contracts/Generated/FsparkContracts.g.cs","Generated from the running Java OpenAPI oracle; hand-written implemented DTOs override this where behavior is ported."
"com/fspark/api/dtos/FeedbackGroupDto.java","dtos","Generated","src/Flowzy.Service/Contracts/Generated/FsparkContracts.g.cs","Generated from the running Java OpenAPI oracle; hand-written implemented DTOs override this where behavior is ported."
"com/fspark/api/dtos/FeedbackInstructorDto.java","dtos","Generated","src/Flowzy.Service/Contracts/Generated/FsparkContracts.g.cs","Generated from the running Java OpenAPI oracle; hand-written implemented DTOs override this where behavior is ported."
"com/fspark/api/dtos/FeedbackMentorDto.java","dtos","Generated","src/Flowzy.Service/Contracts/Generated/FsparkContracts.g.cs","Generated from the running Java OpenAPI oracle; hand-written implemented DTOs override this where behavior is ported."
"com/fspark/api/dtos/FeedbackReceivedSummaryDto.java","dtos","Generated","src/Flowzy.Service/Contracts/Generated/FsparkContracts.g.cs","Generated from the running Java OpenAPI oracle; hand-written implemented DTOs override this where behavior is ported."
"com/fspark/api/dtos/FeedbackStudentDto.java","dtos","Generated","src/Flowzy.Service/Contracts/Generated/FsparkContracts.g.cs","Generated from the running Java OpenAPI oracle; hand-written implemented DTOs override this where behavior is ported."
"com/fspark/api/dtos/FeedbackTermDto.java","dtos","Generated","src/Flowzy.Service/Contracts/Generated/FsparkContracts.g.cs","Generated from the running Java OpenAPI oracle; hand-written implemented DTOs override this where behavior is ported."
"com/fspark/api/dtos/GoogleLoginRequest.java","dtos","Generated","src/Flowzy.Service/Contracts/Generated/FsparkContracts.g.cs","Generated from the running Java OpenAPI oracle; hand-written implemented DTOs override this where behavior is ported."
"com/fspark/api/dtos/GoogleTokenInfoResponse.java","dtos","Generated","src/Flowzy.Service/Contracts/Generated/FsparkContracts.g.cs","Generated from the running Java OpenAPI oracle; hand-written implemented DTOs override this where behavior is ported."
"com/fspark/api/dtos/GoogleUserInfo.java","dtos","Generated","src/Flowzy.Service/Contracts/Generated/FsparkContracts.g.cs","Generated from the running Java OpenAPI oracle; hand-written implemented DTOs override this where behavior is ported."
"com/fspark/api/dtos/GroupDetailDto.java","dtos","Generated","src/Flowzy.Service/Contracts/Generated/FsparkContracts.g.cs","Generated from the running Java OpenAPI oracle; hand-written implemented DTOs override this where behavior is ported."
"com/fspark/api/dtos/GroupGradeMatrixDto.java","dtos","Generated","src/Flowzy.Service/Contracts/Generated/FsparkContracts.g.cs","Generated from the running Java OpenAPI oracle; hand-written implemented DTOs override this where behavior is ported."
"com/fspark/api/dtos/GroupJoinRequestDto.java","dtos","Generated","src/Flowzy.Service/Contracts/Generated/FsparkContracts.g.cs","Generated from the running Java OpenAPI oracle; hand-written implemented DTOs override this where behavior is ported."
"com/fspark/api/dtos/GroupMemberDto.java","dtos","Generated","src/Flowzy.Service/Contracts/Generated/FsparkContracts.g.cs","Generated from the running Java OpenAPI oracle; hand-written implemented DTOs override this where behavior is ported."
"com/fspark/api/dtos/GroupRecruitmentNeedDto.java","dtos","Generated","src/Flowzy.Service/Contracts/Generated/FsparkContracts.g.cs","Generated from the running Java OpenAPI oracle; hand-written implemented DTOs override this where behavior is ported."
"com/fspark/api/dtos/GroupRecruitmentNeedRequest.java","dtos","Generated","src/Flowzy.Service/Contracts/Generated/FsparkContracts.g.cs","Generated from the running Java OpenAPI oracle; hand-written implemented DTOs override this where behavior is ported."
"com/fspark/api/dtos/GroupSummaryDto.java","dtos","Generated","src/Flowzy.Service/Contracts/Generated/FsparkContracts.g.cs","Generated from the running Java OpenAPI oracle; hand-written implemented DTOs override this where behavior is ported."
"com/fspark/api/dtos/GroupTaskBoardDto.java","dtos","ImplementedPendingParity","src/Flowzy.Service/Contracts/GroupTaskContracts.cs","Explicit runtime task contracts; generated oracle types are not used by these actions."
"com/fspark/api/dtos/ImportedAccountDto.java","dtos","Generated","src/Flowzy.Service/Contracts/Generated/FsparkContracts.g.cs","Generated from the running Java OpenAPI oracle; hand-written implemented DTOs override this where behavior is ported."
"com/fspark/api/dtos/ImportResponse.java","dtos","Generated","src/Flowzy.Service/Contracts/Generated/FsparkContracts.g.cs","Generated from the running Java OpenAPI oracle; hand-written implemented DTOs override this where behavior is ported."
"com/fspark/api/dtos/ImportResultResponse.java","dtos","ImplementedPendingParity","src/Flowzy.Service/Contracts/ImportContracts.cs","Explicit runtime import response DTOs."
"com/fspark/api/dtos/ImportRowErrorDto.java","dtos","ImplementedPendingParity","src/Flowzy.Service/Contracts/ImportContracts.cs","Explicit runtime import response DTOs."
"com/fspark/api/dtos/InstructorCourseGroupCountDto.java","dtos","Generated","src/Flowzy.Service/Contracts/Generated/FsparkContracts.g.cs","Generated from the running Java OpenAPI oracle; hand-written implemented DTOs override this where behavior is ported."
"com/fspark/api/dtos/InstructorGroupBoardItemDto.java","dtos","Generated","src/Flowzy.Service/Contracts/Generated/FsparkContracts.g.cs","Generated from the running Java OpenAPI oracle; hand-written implemented DTOs override this where behavior is ported."
"com/fspark/api/dtos/InstructorGroupBoardMemberDto.java","dtos","Generated","src/Flowzy.Service/Contracts/Generated/FsparkContracts.g.cs","Generated from the running Java OpenAPI oracle; hand-written implemented DTOs override this where behavior is ported."
"com/fspark/api/dtos/InstructorGroupBoardResponseDto.java","dtos","Generated","src/Flowzy.Service/Contracts/Generated/FsparkContracts.g.cs","Generated from the running Java OpenAPI oracle; hand-written implemented DTOs override this where behavior is ported."
"com/fspark/api/dtos/InstructorGroupBoardSummaryDto.java","dtos","Generated","src/Flowzy.Service/Contracts/Generated/FsparkContracts.g.cs","Generated from the running Java OpenAPI oracle; hand-written implemented DTOs override this where behavior is ported."
"com/fspark/api/dtos/InstructorProfileDto.java","dtos","Generated","src/Flowzy.Service/Contracts/Generated/FsparkContracts.g.cs","Generated from the running Java OpenAPI oracle; hand-written implemented DTOs override this where behavior is ported."
"com/fspark/api/dtos/InvitationDto.java","dtos","Generated","src/Flowzy.Service/Contracts/Generated/FsparkContracts.g.cs","Generated from the running Java OpenAPI oracle; hand-written implemented DTOs override this where behavior is ported."
"com/fspark/api/dtos/LoginRequest.java","dtos","Generated","src/Flowzy.Service/Contracts/Generated/FsparkContracts.g.cs","Generated from the running Java OpenAPI oracle; hand-written implemented DTOs override this where behavior is ported."
"com/fspark/api/dtos/MentorAvailabilitySlotDto.java","dtos","Generated","src/Flowzy.Service/Contracts/Generated/FsparkContracts.g.cs","Generated from the running Java OpenAPI oracle; hand-written implemented DTOs override this where behavior is ported."
"com/fspark/api/dtos/MentorMeetingDto.java","dtos","Generated","src/Flowzy.Service/Contracts/Generated/FsparkContracts.g.cs","Generated from the running Java OpenAPI oracle; hand-written implemented DTOs override this where behavior is ported."
"com/fspark/api/dtos/MentorProfileDto.java","dtos","Generated","src/Flowzy.Service/Contracts/Generated/FsparkContracts.g.cs","Generated from the running Java OpenAPI oracle; hand-written implemented DTOs override this where behavior is ported."
"com/fspark/api/dtos/MentorReportTermDto.java","dtos","Generated","src/Flowzy.Service/Contracts/Generated/FsparkContracts.g.cs","Generated from the running Java OpenAPI oracle; hand-written implemented DTOs override this where behavior is ported."
"com/fspark/api/dtos/MilestoneGradeDto.java","dtos","Generated","src/Flowzy.Service/Contracts/Generated/FsparkContracts.g.cs","Generated from the running Java OpenAPI oracle; hand-written implemented DTOs override this where behavior is ported."
"com/fspark/api/dtos/MilestoneGroupGradeDto.java","dtos","Generated","src/Flowzy.Service/Contracts/Generated/FsparkContracts.g.cs","Generated from the running Java OpenAPI oracle; hand-written implemented DTOs override this where behavior is ported."
"com/fspark/api/dtos/MilestoneMemberScoreDto.java","dtos","Generated","src/Flowzy.Service/Contracts/Generated/FsparkContracts.g.cs","Generated from the running Java OpenAPI oracle; hand-written implemented DTOs override this where behavior is ported."
"com/fspark/api/dtos/MilestoneOutcomeDto.java","dtos","Generated","src/Flowzy.Service/Contracts/Generated/FsparkContracts.g.cs","Generated from the running Java OpenAPI oracle; hand-written implemented DTOs override this where behavior is ported."
"com/fspark/api/dtos/MilestoneSubmissionDto.java","dtos","Generated","src/Flowzy.Service/Contracts/Generated/FsparkContracts.g.cs","Generated from the running Java OpenAPI oracle; hand-written implemented DTOs override this where behavior is ported."
"com/fspark/api/dtos/MoveTaskRequest.java","dtos","ImplementedPendingParity","src/Flowzy.Service/Contracts/GroupTaskContracts.cs","Explicit runtime task contracts; generated oracle types are not used by these actions."
"com/fspark/api/dtos/NotificationActionDto.java","dtos","Generated","src/Flowzy.Service/Contracts/Generated/FsparkContracts.g.cs","Generated from the running Java OpenAPI oracle; hand-written implemented DTOs override this where behavior is ported."
"com/fspark/api/dtos/NotificationDto.java","dtos","Generated","src/Flowzy.Service/Contracts/Generated/FsparkContracts.g.cs","Generated from the running Java OpenAPI oracle; hand-written implemented DTOs override this where behavior is ported."
"com/fspark/api/dtos/PageResponse.java","dtos","Generated","src/Flowzy.Service/Contracts/Generated/FsparkContracts.g.cs","Generated from the running Java OpenAPI oracle; hand-written implemented DTOs override this where behavior is ported."
"com/fspark/api/dtos/ParsedRow.java","dtos","ImplementedPendingParity","src/Flowzy.Service/Imports/ImportFileParser.cs","Consolidated CSV/XLSX parser and header mapping; tests cover BOM, row numbers, sheet selection and inherited group fields."
"com/fspark/api/dtos/ProblemDetailDto.java","dtos","Generated","src/Flowzy.Service/Contracts/Generated/FsparkContracts.g.cs","Generated from the running Java OpenAPI oracle; hand-written implemented DTOs override this where behavior is ported."
"com/fspark/api/dtos/ProblemDomainDto.java","dtos","Generated","src/Flowzy.Service/Contracts/Generated/FsparkContracts.g.cs","Generated from the running Java OpenAPI oracle; hand-written implemented DTOs override this where behavior is ported."
"com/fspark/api/dtos/ProblemEvaluationCriteriaDto.java","dtos","Generated","src/Flowzy.Service/Contracts/Generated/FsparkContracts.g.cs","Generated from the running Java OpenAPI oracle; hand-written implemented DTOs override this where behavior is ported."
"com/fspark/api/dtos/ProblemSummaryDto.java","dtos","Generated","src/Flowzy.Service/Contracts/Generated/FsparkContracts.g.cs","Generated from the running Java OpenAPI oracle; hand-written implemented DTOs override this where behavior is ported."
"com/fspark/api/dtos/ProposeGroupProblemRequest.java","dtos","Generated","src/Flowzy.Service/Contracts/Generated/FsparkContracts.g.cs","Generated from the running Java OpenAPI oracle; hand-written implemented DTOs override this where behavior is ported."
"com/fspark/api/dtos/ReceivedFeedbackEntryDto.java","dtos","Generated","src/Flowzy.Service/Contracts/Generated/FsparkContracts.g.cs","Generated from the running Java OpenAPI oracle; hand-written implemented DTOs override this where behavior is ported."
"com/fspark/api/dtos/RecruitmentRoleDto.java","dtos","Generated","src/Flowzy.Service/Contracts/Generated/FsparkContracts.g.cs","Generated from the running Java OpenAPI oracle; hand-written implemented DTOs override this where behavior is ported."
"com/fspark/api/dtos/RefreshTokenRequest.java","dtos","Generated","src/Flowzy.Service/Contracts/Generated/FsparkContracts.g.cs","Generated from the running Java OpenAPI oracle; hand-written implemented DTOs override this where behavior is ported."
"com/fspark/api/dtos/ReorderTaskRequest.java","dtos","ImplementedPendingParity","src/Flowzy.Service/Contracts/GroupTaskContracts.cs","Explicit runtime task contracts; generated oracle types are not used by these actions."
"com/fspark/api/dtos/ReplaceTaskAssigneesRequest.java","dtos","ImplementedPendingParity","src/Flowzy.Service/Contracts/GroupTaskContracts.cs","Explicit runtime task contracts; generated oracle types are not used by these actions."
"com/fspark/api/dtos/ResetUserPasswordRequest.java","dtos","Generated","src/Flowzy.Service/Contracts/Generated/FsparkContracts.g.cs","Generated from the running Java OpenAPI oracle; hand-written implemented DTOs override this where behavior is ported."
"com/fspark/api/dtos/RestoreBackupResponseDto.java","dtos","ImplementedPendingParity","src/Flowzy.Service/Contracts/BackupContracts.cs","Explicit runtime restore response."
"com/fspark/api/dtos/ReviewProblemRequest.java","dtos","Generated","src/Flowzy.Service/Contracts/Generated/FsparkContracts.g.cs","Generated from the running Java OpenAPI oracle; hand-written implemented DTOs override this where behavior is ported."
"com/fspark/api/dtos/RowValidationResult.java","dtos","Generated","src/Flowzy.Service/Contracts/Generated/FsparkContracts.g.cs","Generated from the running Java OpenAPI oracle; hand-written implemented DTOs override this where behavior is ported."
"com/fspark/api/dtos/SelectedProblemSummaryDto.java","dtos","Generated","src/Flowzy.Service/Contracts/Generated/FsparkContracts.g.cs","Generated from the running Java OpenAPI oracle; hand-written implemented DTOs override this where behavior is ported."
"com/fspark/api/dtos/SelectProblemRequest.java","dtos","Generated","src/Flowzy.Service/Contracts/Generated/FsparkContracts.g.cs","Generated from the running Java OpenAPI oracle; hand-written implemented DTOs override this where behavior is ported."
"com/fspark/api/dtos/SelfProfileResponse.java","dtos","Generated","src/Flowzy.Service/Contracts/Generated/FsparkContracts.g.cs","Generated from the running Java OpenAPI oracle; hand-written implemented DTOs override this where behavior is ported."
"com/fspark/api/dtos/StudentGroupMembershipDto.java","dtos","Generated","src/Flowzy.Service/Contracts/Generated/FsparkContracts.g.cs","Generated from the running Java OpenAPI oracle; hand-written implemented DTOs override this where behavior is ported."
"com/fspark/api/dtos/StudentProfileDto.java","dtos","Generated","src/Flowzy.Service/Contracts/Generated/FsparkContracts.g.cs","Generated from the running Java OpenAPI oracle; hand-written implemented DTOs override this where behavior is ported."
"com/fspark/api/dtos/SubmitFeedbackRequest.java","dtos","Generated","src/Flowzy.Service/Contracts/Generated/FsparkContracts.g.cs","Generated from the running Java OpenAPI oracle; hand-written implemented DTOs override this where behavior is ported."
"com/fspark/api/dtos/SubmitMeetingEvidenceRequest.java","dtos","Generated","src/Flowzy.Service/Contracts/Generated/FsparkContracts.g.cs","Generated from the running Java OpenAPI oracle; hand-written implemented DTOs override this where behavior is ported."
"com/fspark/api/dtos/TaskActivityDto.java","dtos","ImplementedPendingParity","src/Flowzy.Service/Contracts/GroupTaskContracts.cs","Explicit runtime task contracts; generated oracle types are not used by these actions."
"com/fspark/api/dtos/TaskAssigneeDto.java","dtos","ImplementedPendingParity","src/Flowzy.Service/Contracts/GroupTaskContracts.cs","Explicit runtime task contracts; generated oracle types are not used by these actions."
"com/fspark/api/dtos/TaskBoardDto.java","dtos","ImplementedPendingParity","src/Flowzy.Service/Contracts/PortedDomainContracts.cs","Explicit runtime board contracts."
"com/fspark/api/dtos/TaskCommentDto.java","dtos","ImplementedPendingParity","src/Flowzy.Service/Contracts/GroupTaskContracts.cs","Explicit runtime task contracts; generated oracle types are not used by these actions."
"com/fspark/api/dtos/TaskDetailDto.java","dtos","ImplementedPendingParity","src/Flowzy.Service/Contracts/GroupTaskContracts.cs","Explicit runtime task contracts; generated oracle types are not used by these actions."
"com/fspark/api/dtos/TaskSummaryDto.java","dtos","ImplementedPendingParity","src/Flowzy.Service/Contracts/GroupTaskContracts.cs","Explicit runtime task contracts; generated oracle types are not used by these actions."
"com/fspark/api/dtos/TermFeedbackResponseDto.java","dtos","Generated","src/Flowzy.Service/Contracts/Generated/FsparkContracts.g.cs","Generated from the running Java OpenAPI oracle; hand-written implemented DTOs override this where behavior is ported."
"com/fspark/api/dtos/TokenResponse.java","dtos","Generated","src/Flowzy.Service/Contracts/Generated/FsparkContracts.g.cs","Generated from the running Java OpenAPI oracle; hand-written implemented DTOs override this where behavior is ported."
"com/fspark/api/dtos/TopDomainDto.java","dtos","Generated","src/Flowzy.Service/Contracts/Generated/FsparkContracts.g.cs","Generated from the running Java OpenAPI oracle; hand-written implemented DTOs override this where behavior is ported."
"com/fspark/api/dtos/TopProblemDto.java","dtos","Generated","src/Flowzy.Service/Contracts/Generated/FsparkContracts.g.cs","Generated from the running Java OpenAPI oracle; hand-written implemented DTOs override this where behavior is ported."
"com/fspark/api/dtos/TransferLeaderRequest.java","dtos","Generated","src/Flowzy.Service/Contracts/Generated/FsparkContracts.g.cs","Generated from the running Java OpenAPI oracle; hand-written implemented DTOs override this where behavior is ported."
"com/fspark/api/dtos/TvShowcaseDataDto.java","dtos","Generated","src/Flowzy.Service/Contracts/Generated/FsparkContracts.g.cs","Generated from the running Java OpenAPI oracle; hand-written implemented DTOs override this where behavior is ported."
"com/fspark/api/dtos/UpdateAdminUserRequest.java","dtos","Generated","src/Flowzy.Service/Contracts/Generated/FsparkContracts.g.cs","Generated from the running Java OpenAPI oracle; hand-written implemented DTOs override this where behavior is ported."
"com/fspark/api/dtos/UpdateAvailabilitySlotRequest.java","dtos","Generated","src/Flowzy.Service/Contracts/Generated/FsparkContracts.g.cs","Generated from the running Java OpenAPI oracle; hand-written implemented DTOs override this where behavior is ported."
"com/fspark/api/dtos/UpdateBackupScheduleRequest.java","dtos","ImplementedPendingParity","src/Flowzy.Service/Contracts/BackupContracts.cs","Nullable required enabled flag and exact retention validation messages."
"com/fspark/api/dtos/UpdateChecklistItemRequest.java","dtos","ImplementedPendingParity","src/Flowzy.Service/Contracts/GroupTaskContracts.cs","Explicit runtime task contracts; generated oracle types are not used by these actions."
"com/fspark/api/dtos/UpdateCourseMilestoneRequest.java","dtos","Generated","src/Flowzy.Service/Contracts/Generated/FsparkContracts.g.cs","Generated from the running Java OpenAPI oracle; hand-written implemented DTOs override this where behavior is ported."
"com/fspark/api/dtos/UpdateGroupCriteriaRequest.java","dtos","Generated","src/Flowzy.Service/Contracts/Generated/FsparkContracts.g.cs","Generated from the running Java OpenAPI oracle; hand-written implemented DTOs override this where behavior is ported."
"com/fspark/api/dtos/UpdateGroupLockRequest.java","dtos","Generated","src/Flowzy.Service/Contracts/Generated/FsparkContracts.g.cs","Generated from the running Java OpenAPI oracle; hand-written implemented DTOs override this where behavior is ported."
"com/fspark/api/dtos/UpdateGroupRequest.java","dtos","Generated","src/Flowzy.Service/Contracts/Generated/FsparkContracts.g.cs","Generated from the running Java OpenAPI oracle; hand-written implemented DTOs override this where behavior is ported."
"com/fspark/api/dtos/UpdateInstructorProfileRequest.java","dtos","Generated","src/Flowzy.Service/Contracts/Generated/FsparkContracts.g.cs","Generated from the running Java OpenAPI oracle; hand-written implemented DTOs override this where behavior is ported."
"com/fspark/api/dtos/UpdateMentorMeetingRequest.java","dtos","Generated","src/Flowzy.Service/Contracts/Generated/FsparkContracts.g.cs","Generated from the running Java OpenAPI oracle; hand-written implemented DTOs override this where behavior is ported."
"com/fspark/api/dtos/UpdateMentorProfileRequest.java","dtos","Generated","src/Flowzy.Service/Contracts/Generated/FsparkContracts.g.cs","Generated from the running Java OpenAPI oracle; hand-written implemented DTOs override this where behavior is ported."
"com/fspark/api/dtos/UpdateMilestoneGradeRequest.java","dtos","Generated","src/Flowzy.Service/Contracts/Generated/FsparkContracts.g.cs","Generated from the running Java OpenAPI oracle; hand-written implemented DTOs override this where behavior is ported."
"com/fspark/api/dtos/UpdateMilestoneOutcomeRequest.java","dtos","Generated","src/Flowzy.Service/Contracts/Generated/FsparkContracts.g.cs","Generated from the running Java OpenAPI oracle; hand-written implemented DTOs override this where behavior is ported."
"com/fspark/api/dtos/UpdateMilestoneSubmissionRequest.java","dtos","Generated","src/Flowzy.Service/Contracts/Generated/FsparkContracts.g.cs","Generated from the running Java OpenAPI oracle; hand-written implemented DTOs override this where behavior is ported."
"com/fspark/api/dtos/UpdateProblemDomainRequest.java","dtos","Generated","src/Flowzy.Service/Contracts/Generated/FsparkContracts.g.cs","Generated from the running Java OpenAPI oracle; hand-written implemented DTOs override this where behavior is ported."
"com/fspark/api/dtos/UpdateProblemRequest.java","dtos","Generated","src/Flowzy.Service/Contracts/Generated/FsparkContracts.g.cs","Generated from the running Java OpenAPI oracle; hand-written implemented DTOs override this where behavior is ported."
"com/fspark/api/dtos/UpdateProblemStatusRequest.java","dtos","Generated","src/Flowzy.Service/Contracts/Generated/FsparkContracts.g.cs","Generated from the running Java OpenAPI oracle; hand-written implemented DTOs override this where behavior is ported."
"com/fspark/api/dtos/UpdateSelfProfileRequest.java","dtos","Generated","src/Flowzy.Service/Contracts/Generated/FsparkContracts.g.cs","Generated from the running Java OpenAPI oracle; hand-written implemented DTOs override this where behavior is ported."
"com/fspark/api/dtos/UpdateStudentProfileRequest.java","dtos","Generated","src/Flowzy.Service/Contracts/Generated/FsparkContracts.g.cs","Generated from the running Java OpenAPI oracle; hand-written implemented DTOs override this where behavior is ported."
"com/fspark/api/dtos/UpdateTaskBoardRequest.java","dtos","ImplementedPendingParity","src/Flowzy.Service/Contracts/PortedDomainContracts.cs","Explicit runtime board contracts."
"com/fspark/api/dtos/UpdateTaskCommentRequest.java","dtos","ImplementedPendingParity","src/Flowzy.Service/Contracts/GroupTaskContracts.cs","Explicit runtime task contracts; generated oracle types are not used by these actions."
"com/fspark/api/dtos/UpdateTaskRequest.java","dtos","ImplementedPendingParity","src/Flowzy.Service/Contracts/GroupTaskContracts.cs","Explicit runtime task contracts; generated oracle types are not used by these actions."
"com/fspark/api/dtos/UpsertContributionAgreementRequest.java","dtos","Generated","src/Flowzy.Service/Contracts/Generated/FsparkContracts.g.cs","Generated from the running Java OpenAPI oracle; hand-written implemented DTOs override this where behavior is ported."
"com/fspark/api/dtos/UpsertMilestoneContributionsRequest.java","dtos","Generated","src/Flowzy.Service/Contracts/Generated/FsparkContracts.g.cs","Generated from the running Java OpenAPI oracle; hand-written implemented DTOs override this where behavior is ported."
"com/fspark/api/dtos/UpsertMilestoneGroupGradeRequest.java","dtos","Generated","src/Flowzy.Service/Contracts/Generated/FsparkContracts.g.cs","Generated from the running Java OpenAPI oracle; hand-written implemented DTOs override this where behavior is ported."
"com/fspark/api/dtos/UserInfoResponse.java","dtos","Generated","src/Flowzy.Service/Contracts/Generated/FsparkContracts.g.cs","Generated from the running Java OpenAPI oracle; hand-written implemented DTOs override this where behavior is ported."
"com/fspark/api/dtos/ValidationError.java","dtos","ImplementedPendingParity","src/Flowzy.Service/Imports/ImportValidation.cs","Consolidated validation with separate generic/roster rules; error ordering and Java SMART date resolution ported."
"com/fspark/api/enums/AcademicTermStatus.java","enums","Generated","src/Flowzy.Service/Contracts/Generated/FsparkContracts.g.cs","OpenAPI enum values retained exactly in generated contracts and persisted as uppercase strings."
"com/fspark/api/enums/AccountStatus.java","enums","Generated","src/Flowzy.Service/Contracts/Generated/FsparkContracts.g.cs","OpenAPI enum values retained exactly in generated contracts and persisted as uppercase strings."
"com/fspark/api/enums/BackupJobStatus.java","enums","Generated","src/Flowzy.Service/Contracts/Generated/FsparkContracts.g.cs","OpenAPI enum values retained exactly in generated contracts and persisted as uppercase strings."
"com/fspark/api/enums/BackupTriggerType.java","enums","Generated","src/Flowzy.Service/Contracts/Generated/FsparkContracts.g.cs","OpenAPI enum values retained exactly in generated contracts and persisted as uppercase strings."
"com/fspark/api/enums/ContributionAgreementStatus.java","enums","Generated","src/Flowzy.Service/Contracts/Generated/FsparkContracts.g.cs","OpenAPI enum values retained exactly in generated contracts and persisted as uppercase strings."
"com/fspark/api/enums/ContributionDecision.java","enums","Generated","src/Flowzy.Service/Contracts/Generated/FsparkContracts.g.cs","OpenAPI enum values retained exactly in generated contracts and persisted as uppercase strings."
"com/fspark/api/enums/DashboardMeetingStatusFilter.java","enums","Generated","src/Flowzy.Service/Contracts/Generated/FsparkContracts.g.cs","OpenAPI enum values retained exactly in generated contracts and persisted as uppercase strings."
"com/fspark/api/enums/DifficultyLevel.java","enums","Generated","src/Flowzy.Service/Contracts/Generated/FsparkContracts.g.cs","OpenAPI enum values retained exactly in generated contracts and persisted as uppercase strings."
"com/fspark/api/enums/FeedbackStatus.java","enums","Generated","src/Flowzy.Service/Contracts/Generated/FsparkContracts.g.cs","OpenAPI enum values retained exactly in generated contracts and persisted as uppercase strings."
"com/fspark/api/enums/FeedbackTargetType.java","enums","Generated","src/Flowzy.Service/Contracts/Generated/FsparkContracts.g.cs","OpenAPI enum values retained exactly in generated contracts and persisted as uppercase strings."
"com/fspark/api/enums/FileType.java","enums","Generated","src/Flowzy.Service/Contracts/Generated/FsparkContracts.g.cs","OpenAPI enum values retained exactly in generated contracts and persisted as uppercase strings."
"com/fspark/api/enums/Gender.java","enums","Generated","src/Flowzy.Service/Contracts/Generated/FsparkContracts.g.cs","OpenAPI enum values retained exactly in generated contracts and persisted as uppercase strings."
"com/fspark/api/enums/GroupInvitationStatus.java","enums","Generated","src/Flowzy.Service/Contracts/Generated/FsparkContracts.g.cs","OpenAPI enum values retained exactly in generated contracts and persisted as uppercase strings."
"com/fspark/api/enums/GroupJoinRequestStatus.java","enums","Generated","src/Flowzy.Service/Contracts/Generated/FsparkContracts.g.cs","OpenAPI enum values retained exactly in generated contracts and persisted as uppercase strings."
"com/fspark/api/enums/GroupMemberRole.java","enums","Generated","src/Flowzy.Service/Contracts/Generated/FsparkContracts.g.cs","OpenAPI enum values retained exactly in generated contracts and persisted as uppercase strings."
"com/fspark/api/enums/GroupStatus.java","enums","Generated","src/Flowzy.Service/Contracts/Generated/FsparkContracts.g.cs","OpenAPI enum values retained exactly in generated contracts and persisted as uppercase strings."
"com/fspark/api/enums/ImportErrorCode.java","enums","Generated","src/Flowzy.Service/Contracts/Generated/FsparkContracts.g.cs","OpenAPI enum values retained exactly in generated contracts and persisted as uppercase strings."
"com/fspark/api/enums/ImportStatus.java","enums","Generated","src/Flowzy.Service/Contracts/Generated/FsparkContracts.g.cs","OpenAPI enum values retained exactly in generated contracts and persisted as uppercase strings."
"com/fspark/api/enums/ImportTargetType.java","enums","Generated","src/Flowzy.Service/Contracts/Generated/FsparkContracts.g.cs","OpenAPI enum values retained exactly in generated contracts and persisted as uppercase strings."
"com/fspark/api/enums/InstructorGroupAssignmentFilter.java","enums","Generated","src/Flowzy.Service/Contracts/Generated/FsparkContracts.g.cs","OpenAPI enum values retained exactly in generated contracts and persisted as uppercase strings."
"com/fspark/api/enums/InstructorGroupAssignmentState.java","enums","Generated","src/Flowzy.Service/Contracts/Generated/FsparkContracts.g.cs","OpenAPI enum values retained exactly in generated contracts and persisted as uppercase strings."
"com/fspark/api/enums/MentorAvailabilityStatus.java","enums","Generated","src/Flowzy.Service/Contracts/Generated/FsparkContracts.g.cs","OpenAPI enum values retained exactly in generated contracts and persisted as uppercase strings."
"com/fspark/api/enums/MentorMeetingStatus.java","enums","Generated","src/Flowzy.Service/Contracts/Generated/FsparkContracts.g.cs","OpenAPI enum values retained exactly in generated contracts and persisted as uppercase strings."
"com/fspark/api/enums/MilestoneStatus.java","enums","Generated","src/Flowzy.Service/Contracts/Generated/FsparkContracts.g.cs","OpenAPI enum values retained exactly in generated contracts and persisted as uppercase strings."
"com/fspark/api/enums/MilestoneType.java","enums","Generated","src/Flowzy.Service/Contracts/Generated/FsparkContracts.g.cs","OpenAPI enum values retained exactly in generated contracts and persisted as uppercase strings."
"com/fspark/api/enums/NotificationActionKey.java","enums","Generated","src/Flowzy.Service/Contracts/Generated/FsparkContracts.g.cs","OpenAPI enum values retained exactly in generated contracts and persisted as uppercase strings."
"com/fspark/api/enums/NotificationType.java","enums","Generated","src/Flowzy.Service/Contracts/Generated/FsparkContracts.g.cs","OpenAPI enum values retained exactly in generated contracts and persisted as uppercase strings."
"com/fspark/api/enums/OutcomeType.java","enums","Generated","src/Flowzy.Service/Contracts/Generated/FsparkContracts.g.cs","OpenAPI enum values retained exactly in generated contracts and persisted as uppercase strings."
"com/fspark/api/enums/ProblemSourceType.java","enums","Generated","src/Flowzy.Service/Contracts/Generated/FsparkContracts.g.cs","OpenAPI enum values retained exactly in generated contracts and persisted as uppercase strings."
"com/fspark/api/enums/ProblemStatus.java","enums","Generated","src/Flowzy.Service/Contracts/Generated/FsparkContracts.g.cs","OpenAPI enum values retained exactly in generated contracts and persisted as uppercase strings."
"com/fspark/api/enums/RecruitmentRole.java","enums","Generated","src/Flowzy.Service/Contracts/Generated/FsparkContracts.g.cs","OpenAPI enum values retained exactly in generated contracts and persisted as uppercase strings."
"com/fspark/api/enums/RecruitmentRoleCategory.java","enums","Generated","src/Flowzy.Service/Contracts/Generated/FsparkContracts.g.cs","OpenAPI enum values retained exactly in generated contracts and persisted as uppercase strings."
"com/fspark/api/enums/Role.java","enums","Generated","src/Flowzy.Service/Contracts/Generated/FsparkContracts.g.cs","OpenAPI enum values retained exactly in generated contracts and persisted as uppercase strings."
"com/fspark/api/enums/SubmissionStatus.java","enums","Generated","src/Flowzy.Service/Contracts/Generated/FsparkContracts.g.cs","OpenAPI enum values retained exactly in generated contracts and persisted as uppercase strings."
"com/fspark/api/enums/TaskActivityType.java","enums","Generated","src/Flowzy.Service/Contracts/Generated/FsparkContracts.g.cs","OpenAPI enum values retained exactly in generated contracts and persisted as uppercase strings."
"com/fspark/api/enums/TaskPriority.java","enums","Generated","src/Flowzy.Service/Contracts/Generated/FsparkContracts.g.cs","OpenAPI enum values retained exactly in generated contracts and persisted as uppercase strings."
"com/fspark/api/enums/TaskStatus.java","enums","Generated","src/Flowzy.Service/Contracts/Generated/FsparkContracts.g.cs","OpenAPI enum values retained exactly in generated contracts and persisted as uppercase strings."
"com/fspark/api/exceptions/ApiException.java","exceptions","Merged","src/Flowzy.Service/Exceptions/ApiException.cs","Consolidated into typed API exceptions and global error middleware."
"com/fspark/api/exceptions/BadRequestException.java","exceptions","Merged","src/Flowzy.Service/Exceptions/ApiException.cs","Consolidated into typed API exceptions and global error middleware."
"com/fspark/api/exceptions/ConflictException.java","exceptions","Merged","src/Flowzy.Service/Exceptions/ApiException.cs","Consolidated into typed API exceptions and global error middleware."
"com/fspark/api/exceptions/ForbiddenException.java","exceptions","Merged","src/Flowzy.Service/Exceptions/ApiException.cs","Consolidated into typed API exceptions and global error middleware."
"com/fspark/api/exceptions/GlobalExceptionHandler.java","exceptions","Merged","src/Flowzy.Service/Exceptions/ApiException.cs","Consolidated into typed API exceptions and global error middleware."
"com/fspark/api/exceptions/NotFoundException.java","exceptions","Merged","src/Flowzy.Service/Exceptions/ApiException.cs","Consolidated into typed API exceptions and global error middleware."
"com/fspark/api/exceptions/UnauthorizedException.java","exceptions","Merged","src/Flowzy.Service/Exceptions/ApiException.cs","Consolidated into typed API exceptions and global error middleware."
"com/fspark/api/FsparkApplication.java","FsparkApplication.java","Merged","src/Flowzy.Api","Application bootstrap merged into ASP.NET startup."
"com/fspark/api/models/AcademicTerm.java","models","Implemented","src/Flowzy.Repository/Entities/AcademicTerm.cs","EF Core entity mapped from the migrated PostgreSQL schema."
"com/fspark/api/models/Account.java","models","Implemented","src/Flowzy.Repository/Entities/Account.cs","EF Core entity mapped from the migrated PostgreSQL schema."
"com/fspark/api/models/BackupJob.java","models","Implemented","src/Flowzy.Repository/Entities/BackupJob.cs","EF Core entity mapped from the migrated PostgreSQL schema."
"com/fspark/api/models/BackupScheduleSettings.java","models","Merged","src/Flowzy.Repository/Data/FlowzyDbContext.cs","Persistence-only model represented by the DbContext/schema rather than a standalone entity."
"com/fspark/api/models/CourseMilestone.java","models","Implemented","src/Flowzy.Repository/Entities/CourseMilestone.cs","EF Core entity mapped from the migrated PostgreSQL schema."
"com/fspark/api/models/GroupInvitation.java","models","Implemented","src/Flowzy.Repository/Entities/GroupInvitation.cs","EF Core entity mapped from the migrated PostgreSQL schema."
"com/fspark/api/models/GroupJoinRequest.java","models","Implemented","src/Flowzy.Repository/Entities/GroupJoinRequest.cs","EF Core entity mapped from the migrated PostgreSQL schema."
"com/fspark/api/models/GroupRecruitmentNeed.java","models","Implemented","src/Flowzy.Repository/Entities/GroupRecruitmentNeed.cs","EF Core entity mapped from the migrated PostgreSQL schema."
"com/fspark/api/models/GroupTask.java","models","Implemented","src/Flowzy.Repository/Entities/GroupTask.cs","EF Core entity mapped from the migrated PostgreSQL schema."
"com/fspark/api/models/ImportBatch.java","models","Implemented","src/Flowzy.Repository/Entities/ImportBatch.cs","EF Core entity mapped from the migrated PostgreSQL schema."
"com/fspark/api/models/ImportRowError.java","models","Implemented","src/Flowzy.Repository/Entities/ImportRowError.cs","EF Core entity mapped from the migrated PostgreSQL schema."
"com/fspark/api/models/Instructor.java","models","Implemented","src/Flowzy.Repository/Entities/Instructor.cs","EF Core entity mapped from the migrated PostgreSQL schema."
"com/fspark/api/models/Mentor.java","models","Implemented","src/Flowzy.Repository/Entities/Mentor.cs","EF Core entity mapped from the migrated PostgreSQL schema."
"com/fspark/api/models/MentorAvailabilitySlot.java","models","Implemented","src/Flowzy.Repository/Entities/MentorAvailabilitySlot.cs","EF Core entity mapped from the migrated PostgreSQL schema."
"com/fspark/api/models/MentorMeeting.java","models","Implemented","src/Flowzy.Repository/Entities/MentorMeeting.cs","EF Core entity mapped from the migrated PostgreSQL schema."
"com/fspark/api/models/MilestoneContributionAgreement.java","models","Implemented","src/Flowzy.Repository/Entities/MilestoneContributionAgreement.cs","EF Core entity mapped from the migrated PostgreSQL schema."
"com/fspark/api/models/MilestoneContributionRevision.java","models","Implemented","src/Flowzy.Repository/Entities/MilestoneContributionRevision.cs","EF Core entity mapped from the migrated PostgreSQL schema."
"com/fspark/api/models/MilestoneGrade.java","models","Implemented","src/Flowzy.Repository/Entities/MilestoneGrade.cs","EF Core entity mapped from the migrated PostgreSQL schema."
"com/fspark/api/models/MilestoneGroupGrade.java","models","Implemented","src/Flowzy.Repository/Entities/MilestoneGroupGrade.cs","EF Core entity mapped from the migrated PostgreSQL schema."
"com/fspark/api/models/MilestoneMemberScore.java","models","Implemented","src/Flowzy.Repository/Entities/MilestoneMemberScore.cs","EF Core entity mapped from the migrated PostgreSQL schema."
"com/fspark/api/models/MilestoneOutcome.java","models","Implemented","src/Flowzy.Repository/Entities/MilestoneOutcome.cs","EF Core entity mapped from the migrated PostgreSQL schema."
"com/fspark/api/models/MilestoneSubmission.java","models","Implemented","src/Flowzy.Repository/Entities/MilestoneSubmission.cs","EF Core entity mapped from the migrated PostgreSQL schema."
"com/fspark/api/models/Notification.java","models","Implemented","src/Flowzy.Repository/Entities/Notification.cs","EF Core entity mapped from the migrated PostgreSQL schema."
"com/fspark/api/models/Problem.java","models","Implemented","src/Flowzy.Repository/Entities/Problem.cs","EF Core entity mapped from the migrated PostgreSQL schema."
"com/fspark/api/models/ProblemDomain.java","models","Implemented","src/Flowzy.Repository/Entities/ProblemDomain.cs","EF Core entity mapped from the migrated PostgreSQL schema."
"com/fspark/api/models/ProblemEvaluationCriteria.java","models","Merged","src/Flowzy.Repository/Data/FlowzyDbContext.cs","Persistence-only model represented by the DbContext/schema rather than a standalone entity."
"com/fspark/api/models/RefreshToken.java","models","Implemented","src/Flowzy.Repository/Entities/RefreshToken.cs","EF Core entity mapped from the migrated PostgreSQL schema."
"com/fspark/api/models/Student.java","models","Implemented","src/Flowzy.Repository/Entities/Student.cs","EF Core entity mapped from the migrated PostgreSQL schema."
"com/fspark/api/models/StudentGroup.java","models","Implemented","src/Flowzy.Repository/Entities/StudentGroup.cs","EF Core entity mapped from the migrated PostgreSQL schema."
"com/fspark/api/models/StudentGroupMember.java","models","Implemented","src/Flowzy.Repository/Entities/StudentGroupMember.cs","EF Core entity mapped from the migrated PostgreSQL schema."
"com/fspark/api/models/TaskActivity.java","models","Implemented","src/Flowzy.Repository/Entities/TaskActivity.cs","EF Core entity mapped from the migrated PostgreSQL schema."
"com/fspark/api/models/TaskAssignee.java","models","Implemented","src/Flowzy.Repository/Entities/TaskAssignee.cs","EF Core entity mapped from the migrated PostgreSQL schema."
"com/fspark/api/models/TaskBoard.java","models","Implemented","src/Flowzy.Repository/Entities/TaskBoard.cs","EF Core entity mapped from the migrated PostgreSQL schema."
"com/fspark/api/models/TaskChecklistItem.java","models","Implemented","src/Flowzy.Repository/Entities/TaskChecklistItem.cs","EF Core entity mapped from the migrated PostgreSQL schema."
"com/fspark/api/models/TaskComment.java","models","Implemented","src/Flowzy.Repository/Entities/TaskComment.cs","EF Core entity mapped from the migrated PostgreSQL schema."
"com/fspark/api/models/TermFeedback.java","models","Implemented","src/Flowzy.Repository/Entities/TermFeedback.cs","EF Core entity mapped from the migrated PostgreSQL schema."
"com/fspark/api/repositories/AcademicTermRepository.java","repositories","Merged","src/Flowzy.Repository/Data/FlowzyDbContext.cs","Spring Data repository/query is consolidated into EF Core repositories; domain-specific queries remain pending where their service is pending."
"com/fspark/api/repositories/AccountRepository.java","repositories","Merged","src/Flowzy.Repository/Data/FlowzyDbContext.cs","Spring Data repository/query is consolidated into EF Core repositories; domain-specific queries remain pending where their service is pending."
"com/fspark/api/repositories/BackupJobRepository.java","repositories","ImplementedPendingParity","src/Flowzy.Repository/Repositories/BackupRepository.cs","EF queries and admission transaction; concrete PostgreSQL integration tests."
"com/fspark/api/repositories/BackupScheduleSettingsRepository.java","repositories","ImplementedPendingParity","src/Flowzy.Repository/Repositories/BackupRepository.cs","Singleton settings persistence merged into backup repository; scheduler tested."
"com/fspark/api/repositories/CourseMilestoneRepository.java","repositories","Merged","src/Flowzy.Repository/Data/FlowzyDbContext.cs","Spring Data repository/query is consolidated into EF Core repositories; domain-specific queries remain pending where their service is pending."
"com/fspark/api/repositories/GroupInvitationRepository.java","repositories","Merged","src/Flowzy.Repository/Data/FlowzyDbContext.cs","Spring Data repository/query is consolidated into EF Core repositories; domain-specific queries remain pending where their service is pending."
"com/fspark/api/repositories/GroupJoinRequestRepository.java","repositories","Merged","src/Flowzy.Repository/Data/FlowzyDbContext.cs","Spring Data repository/query is consolidated into EF Core repositories; domain-specific queries remain pending where their service is pending."
"com/fspark/api/repositories/GroupRecruitmentNeedRepository.java","repositories","Merged","src/Flowzy.Repository/Data/FlowzyDbContext.cs","Spring Data repository/query is consolidated into EF Core repositories; domain-specific queries remain pending where their service is pending."
"com/fspark/api/repositories/GroupTaskRepository.java","repositories","Merged","src/Flowzy.Repository/Data/FlowzyDbContext.cs","Spring Data repository/query is consolidated into EF Core repositories; domain-specific queries remain pending where their service is pending."
"com/fspark/api/repositories/ImportBatchRepository.java","repositories","Merged","src/Flowzy.Repository/Data/FlowzyDbContext.cs","Spring Data repository/query is consolidated into EF Core repositories; domain-specific queries remain pending where their service is pending."
"com/fspark/api/repositories/ImportRowErrorRepository.java","repositories","Merged","src/Flowzy.Repository/Data/FlowzyDbContext.cs","Spring Data repository/query is consolidated into EF Core repositories; domain-specific queries remain pending where their service is pending."
"com/fspark/api/repositories/InstructorRepository.java","repositories","Merged","src/Flowzy.Repository/Data/FlowzyDbContext.cs","Spring Data repository/query is consolidated into EF Core repositories; domain-specific queries remain pending where their service is pending."
"com/fspark/api/repositories/MentorAvailabilitySlotRepository.java","repositories","Merged","src/Flowzy.Repository/Data/FlowzyDbContext.cs","Spring Data repository/query is consolidated into EF Core repositories; domain-specific queries remain pending where their service is pending."
"com/fspark/api/repositories/MentorMeetingRepository.java","repositories","Merged","src/Flowzy.Repository/Data/FlowzyDbContext.cs","Spring Data repository/query is consolidated into EF Core repositories; domain-specific queries remain pending where their service is pending."
"com/fspark/api/repositories/MentorRepository.java","repositories","Merged","src/Flowzy.Repository/Data/FlowzyDbContext.cs","Spring Data repository/query is consolidated into EF Core repositories; domain-specific queries remain pending where their service is pending."
"com/fspark/api/repositories/MilestoneContributionAgreementRepository.java","repositories","Merged","src/Flowzy.Repository/Data/FlowzyDbContext.cs","Spring Data repository/query is consolidated into EF Core repositories; domain-specific queries remain pending where their service is pending."
"com/fspark/api/repositories/MilestoneContributionRevisionRepository.java","repositories","Merged","src/Flowzy.Repository/Data/FlowzyDbContext.cs","Spring Data repository/query is consolidated into EF Core repositories; domain-specific queries remain pending where their service is pending."
"com/fspark/api/repositories/MilestoneGradeRepository.java","repositories","Merged","src/Flowzy.Repository/Data/FlowzyDbContext.cs","Spring Data repository/query is consolidated into EF Core repositories; domain-specific queries remain pending where their service is pending."
"com/fspark/api/repositories/MilestoneGroupGradeRepository.java","repositories","Merged","src/Flowzy.Repository/Data/FlowzyDbContext.cs","Spring Data repository/query is consolidated into EF Core repositories; domain-specific queries remain pending where their service is pending."
"com/fspark/api/repositories/MilestoneMemberScoreRepository.java","repositories","Merged","src/Flowzy.Repository/Data/FlowzyDbContext.cs","Spring Data repository/query is consolidated into EF Core repositories; domain-specific queries remain pending where their service is pending."
"com/fspark/api/repositories/MilestoneOutcomeRepository.java","repositories","Merged","src/Flowzy.Repository/Data/FlowzyDbContext.cs","Spring Data repository/query is consolidated into EF Core repositories; domain-specific queries remain pending where their service is pending."
"com/fspark/api/repositories/MilestoneSubmissionRepository.java","repositories","Merged","src/Flowzy.Repository/Data/FlowzyDbContext.cs","Spring Data repository/query is consolidated into EF Core repositories; domain-specific queries remain pending where their service is pending."
"com/fspark/api/repositories/NotificationRepository.java","repositories","Merged","src/Flowzy.Repository/Data/FlowzyDbContext.cs","Spring Data repository/query is consolidated into EF Core repositories; domain-specific queries remain pending where their service is pending."
"com/fspark/api/repositories/ProblemDomainRepository.java","repositories","Merged","src/Flowzy.Repository/Data/FlowzyDbContext.cs","Spring Data repository/query is consolidated into EF Core repositories; domain-specific queries remain pending where their service is pending."
"com/fspark/api/repositories/ProblemEvaluationCriteriaRepository.java","repositories","Merged","src/Flowzy.Repository/Data/FlowzyDbContext.cs","Spring Data repository/query is consolidated into EF Core repositories; domain-specific queries remain pending where their service is pending."
"com/fspark/api/repositories/ProblemRepository.java","repositories","Merged","src/Flowzy.Repository/Data/FlowzyDbContext.cs","Spring Data repository/query is consolidated into EF Core repositories; domain-specific queries remain pending where their service is pending."
"com/fspark/api/repositories/RefreshTokenRepository.java","repositories","Merged","src/Flowzy.Repository/Data/FlowzyDbContext.cs","Spring Data repository/query is consolidated into EF Core repositories; domain-specific queries remain pending where their service is pending."
"com/fspark/api/repositories/specifications/ProblemSpecification.java","repositories","Merged","src/Flowzy.Repository/Data/FlowzyDbContext.cs","Spring Data repository/query is consolidated into EF Core repositories; domain-specific queries remain pending where their service is pending."
"com/fspark/api/repositories/specifications/TaskSpecification.java","repositories","Merged","src/Flowzy.Repository/Data/FlowzyDbContext.cs","Spring Data repository/query is consolidated into EF Core repositories; domain-specific queries remain pending where their service is pending."
"com/fspark/api/repositories/specifications/TermFeedbackSpecification.java","repositories","Merged","src/Flowzy.Repository/Data/FlowzyDbContext.cs","Spring Data repository/query is consolidated into EF Core repositories; domain-specific queries remain pending where their service is pending."
"com/fspark/api/repositories/StudentGroupMemberRepository.java","repositories","Merged","src/Flowzy.Repository/Data/FlowzyDbContext.cs","Spring Data repository/query is consolidated into EF Core repositories; domain-specific queries remain pending where their service is pending."
"com/fspark/api/repositories/StudentGroupRepository.java","repositories","Merged","src/Flowzy.Repository/Data/FlowzyDbContext.cs","Spring Data repository/query is consolidated into EF Core repositories; domain-specific queries remain pending where their service is pending."
"com/fspark/api/repositories/StudentRepository.java","repositories","Merged","src/Flowzy.Repository/Data/FlowzyDbContext.cs","Spring Data repository/query is consolidated into EF Core repositories; domain-specific queries remain pending where their service is pending."
"com/fspark/api/repositories/TaskActivityRepository.java","repositories","Merged","src/Flowzy.Repository/Data/FlowzyDbContext.cs","Spring Data repository/query is consolidated into EF Core repositories; domain-specific queries remain pending where their service is pending."
"com/fspark/api/repositories/TaskAssigneeRepository.java","repositories","Merged","src/Flowzy.Repository/Data/FlowzyDbContext.cs","Spring Data repository/query is consolidated into EF Core repositories; domain-specific queries remain pending where their service is pending."
"com/fspark/api/repositories/TaskBoardRepository.java","repositories","ImplementedPendingParity","src/Flowzy.Repository/Repositories/TaskBoardRepository.cs","Explicit EF query and transaction implementation; default promotion tested against PostgreSQL partial unique index."
"com/fspark/api/repositories/TaskChecklistItemRepository.java","repositories","Merged","src/Flowzy.Repository/Data/FlowzyDbContext.cs","Spring Data repository/query is consolidated into EF Core repositories; domain-specific queries remain pending where their service is pending."
"com/fspark/api/repositories/TaskCommentRepository.java","repositories","Merged","src/Flowzy.Repository/Data/FlowzyDbContext.cs","Spring Data repository/query is consolidated into EF Core repositories; domain-specific queries remain pending where their service is pending."
"com/fspark/api/repositories/TermFeedbackRepository.java","repositories","Merged","src/Flowzy.Repository/Data/FlowzyDbContext.cs","Spring Data repository/query is consolidated into EF Core repositories; domain-specific queries remain pending where their service is pending."
"com/fspark/api/services/AcademicTermService.java","services","Implemented","src/Flowzy.Service","Merged into the corresponding .NET application service."
"com/fspark/api/services/AcademicTermServiceImpl.java","services","Implemented","src/Flowzy.Service","Merged into the corresponding .NET application service."
"com/fspark/api/services/AdminSeedService.java","services","Implemented","src/Flowzy.Service","Merged into the corresponding .NET application service."
"com/fspark/api/services/AdminSeedServiceImpl.java","services","Implemented","src/Flowzy.Service","Merged into the corresponding .NET application service."
"com/fspark/api/services/AdminUserService.java","services","Implemented","src/Flowzy.Service","Merged into the corresponding .NET application service."
"com/fspark/api/services/AdminUserServiceImpl.java","services","Implemented","src/Flowzy.Service","Merged into the corresponding .NET application service."
"com/fspark/api/services/BackupService.java","services","ImplementedPendingParity","src/Flowzy.Service/Backup/IBackupService.cs","Backup contract with explicit worker and scheduler entry points."
"com/fspark/api/services/BackupServiceImpl.java","services","ImplementedPendingParity","src/Flowzy.Service/Backup/BackupService.cs","Manual/scheduled backups, restore exclusion, startup/restore recovery and retention; real PostgreSQL and isolated Docker smoke tests pass. Multi-instance restore coordination remains open."
"com/fspark/api/services/CourseMilestoneService.java","services","Pending","src/Flowzy.Service","Contract exists, but domain business behavior still requires a real .NET service implementation."
"com/fspark/api/services/CourseMilestoneServiceImpl.java","services","Pending","src/Flowzy.Service","Contract exists, but domain business behavior still requires a real .NET service implementation."
"com/fspark/api/services/CustomUserDetailsService.java","services","Pending","src/Flowzy.Service","Contract exists, but domain business behavior still requires a real .NET service implementation."
"com/fspark/api/services/DashboardService.java","services","Pending","src/Flowzy.Service","Contract exists, but domain business behavior still requires a real .NET service implementation."
"com/fspark/api/services/DashboardServiceImpl.java","services","Pending","src/Flowzy.Service","Contract exists, but domain business behavior still requires a real .NET service implementation."
"com/fspark/api/services/FeedbackService.java","services","Pending","src/Flowzy.Service","Contract exists, but domain business behavior still requires a real .NET service implementation."
"com/fspark/api/services/FeedbackServiceImpl.java","services","Pending","src/Flowzy.Service","Contract exists, but domain business behavior still requires a real .NET service implementation."
"com/fspark/api/services/GoogleAuthService.java","services","Implemented","src/Flowzy.Service","Merged into the corresponding .NET application service."
"com/fspark/api/services/GoogleAuthServiceImpl.java","services","Implemented","src/Flowzy.Service","Merged into the corresponding .NET application service."
"com/fspark/api/services/GoogleTokenVerifier.java","services","Implemented","src/Flowzy.Service","Merged into the corresponding .NET application service."
"com/fspark/api/services/GoogleTokenVerifierImpl.java","services","Implemented","src/Flowzy.Service","Merged into the corresponding .NET application service."
"com/fspark/api/services/GroupInvitationService.java","services","Pending","src/Flowzy.Service","Contract exists, but domain business behavior still requires a real .NET service implementation."
"com/fspark/api/services/GroupInvitationServiceImpl.java","services","Pending","src/Flowzy.Service","Contract exists, but domain business behavior still requires a real .NET service implementation."
"com/fspark/api/services/GroupJoinRequestService.java","services","Pending","src/Flowzy.Service","Contract exists, but domain business behavior still requires a real .NET service implementation."
"com/fspark/api/services/GroupJoinRequestServiceImpl.java","services","Pending","src/Flowzy.Service","Contract exists, but domain business behavior still requires a real .NET service implementation."
"com/fspark/api/services/GroupMembershipLockGuard.java","services","Pending","src/Flowzy.Service","Contract exists, but domain business behavior still requires a real .NET service implementation."
"com/fspark/api/services/GroupProblemService.java","services","Pending","src/Flowzy.Service","Contract exists, but domain business behavior still requires a real .NET service implementation."
"com/fspark/api/services/GroupProblemServiceImpl.java","services","Pending","src/Flowzy.Service","Contract exists, but domain business behavior still requires a real .NET service implementation."
"com/fspark/api/services/GroupService.java","services","Pending","src/Flowzy.Service","Contract exists, but domain business behavior still requires a real .NET service implementation."
"com/fspark/api/services/GroupServiceImpl.java","services","Pending","src/Flowzy.Service","Contract exists, but domain business behavior still requires a real .NET service implementation."
"com/fspark/api/services/GroupTaskService.java","services","ImplementedPendingParity","src/Flowzy.Service/Tasks/GroupTaskService.cs","Task service port tested through HTTP/PostgreSQL: concurrency, permissions, ordering, checklist, comments, archive and membership cleanup. Realtime push pending."
"com/fspark/api/services/GroupTaskServiceImpl.java","services","ImplementedPendingParity","src/Flowzy.Service/Tasks/GroupTaskService.cs","Task service port tested through HTTP/PostgreSQL: concurrency, permissions, ordering, checklist, comments, archive and membership cleanup. Realtime push pending."
"com/fspark/api/services/ImportJobSupport.java","services","ImplementedPendingParity","src/Flowzy.Service/Imports/ImportService.cs","Shared background batch orchestration, isolated account-row transactions, reactivation and temporary-file lifecycle; ImportWorker hosts queue execution."
"com/fspark/api/services/ImportRowExecutor.java","services","ImplementedPendingParity","src/Flowzy.Service/Imports/ImportService.cs","Shared background batch orchestration, isolated account-row transactions, reactivation and temporary-file lifecycle; ImportWorker hosts queue execution."
"com/fspark/api/services/ImportRowExecutorImpl.java","services","ImplementedPendingParity","src/Flowzy.Service/Imports/ImportService.cs","Shared background batch orchestration, isolated account-row transactions, reactivation and temporary-file lifecycle; ImportWorker hosts queue execution."
"com/fspark/api/services/ImportService.java","services","ImplementedPendingParity","src/Flowzy.Service/Imports/ImportService.cs","Shared background batch orchestration, isolated account-row transactions, reactivation and temporary-file lifecycle; ImportWorker hosts queue execution."
"com/fspark/api/services/ImportServiceImpl.java","services","ImplementedPendingParity","src/Flowzy.Service/Imports/ImportService.cs","Shared background batch orchestration, isolated account-row transactions, reactivation and temporary-file lifecycle; ImportWorker hosts queue execution."
"com/fspark/api/services/ImportTemplateWorkbookFactory.java","services","ImplementedPendingParity","src/Flowzy.Service/Imports/ImportTemplates.cs","Four NPOI templates; download and roundtrip tested, full visual-style parity not verified."
"com/fspark/api/services/ImportValidationService.java","services","ImplementedPendingParity","src/Flowzy.Service/Imports/ImportValidation.cs","Consolidated validation with separate generic/roster rules; error ordering and Java SMART date resolution ported."
"com/fspark/api/services/ImportValidationServiceImpl.java","services","ImplementedPendingParity","src/Flowzy.Service/Imports/ImportValidation.cs","Consolidated validation with separate generic/roster rules; error ordering and Java SMART date resolution ported."
"com/fspark/api/services/InstructorGroupBoardService.java","services","Pending","src/Flowzy.Service","Contract exists, but domain business behavior still requires a real .NET service implementation."
"com/fspark/api/services/InstructorGroupBoardServiceImpl.java","services","Pending","src/Flowzy.Service","Contract exists, but domain business behavior still requires a real .NET service implementation."
"com/fspark/api/services/JwtService.java","services","Implemented","src/Flowzy.Service","Merged into the corresponding .NET application service."
"com/fspark/api/services/JwtServiceImpl.java","services","Implemented","src/Flowzy.Service","Merged into the corresponding .NET application service."
"com/fspark/api/services/MeetingService.java","services","Pending","src/Flowzy.Service","Contract exists, but domain business behavior still requires a real .NET service implementation."
"com/fspark/api/services/MeetingServiceImpl.java","services","Pending","src/Flowzy.Service","Contract exists, but domain business behavior still requires a real .NET service implementation."
"com/fspark/api/services/MentorAvailabilityService.java","services","Pending","src/Flowzy.Service","Contract exists, but domain business behavior still requires a real .NET service implementation."
"com/fspark/api/services/MentorAvailabilityServiceImpl.java","services","Pending","src/Flowzy.Service","Contract exists, but domain business behavior still requires a real .NET service implementation."
"com/fspark/api/services/MentorMeetingReportService.java","services","Pending","src/Flowzy.Service","Contract exists, but domain business behavior still requires a real .NET service implementation."
"com/fspark/api/services/MentorMeetingReportServiceImpl.java","services","Pending","src/Flowzy.Service","Contract exists, but domain business behavior still requires a real .NET service implementation."
"com/fspark/api/services/MentorScheduleTimePolicy.java","services","Pending","src/Flowzy.Service","Contract exists, but domain business behavior still requires a real .NET service implementation."
"com/fspark/api/services/MilestoneGradeMatrixService.java","services","Pending","src/Flowzy.Service","Contract exists, but domain business behavior still requires a real .NET service implementation."
"com/fspark/api/services/MilestoneGradeMatrixServiceImpl.java","services","Pending","src/Flowzy.Service","Contract exists, but domain business behavior still requires a real .NET service implementation."
"com/fspark/api/services/MilestoneGradeService.java","services","Pending","src/Flowzy.Service","Contract exists, but domain business behavior still requires a real .NET service implementation."
"com/fspark/api/services/MilestoneGradeServiceImpl.java","services","Pending","src/Flowzy.Service","Contract exists, but domain business behavior still requires a real .NET service implementation."
"com/fspark/api/services/MilestoneOutcomeService.java","services","Pending","src/Flowzy.Service","Contract exists, but domain business behavior still requires a real .NET service implementation."
"com/fspark/api/services/MilestoneOutcomeServiceImpl.java","services","Pending","src/Flowzy.Service","Contract exists, but domain business behavior still requires a real .NET service implementation."
"com/fspark/api/services/MilestoneSubmissionService.java","services","Pending","src/Flowzy.Service","Contract exists, but domain business behavior still requires a real .NET service implementation."
"com/fspark/api/services/MilestoneSubmissionServiceImpl.java","services","Pending","src/Flowzy.Service","Contract exists, but domain business behavior still requires a real .NET service implementation."
"com/fspark/api/services/NotificationCommand.java","services","Pending","src/Flowzy.Service","Contract exists, but domain business behavior still requires a real .NET service implementation."
"com/fspark/api/services/NotificationService.java","services","Implemented","src/Flowzy.Service","Merged into the corresponding .NET application service."
"com/fspark/api/services/NotificationServiceImpl.java","services","Implemented","src/Flowzy.Service","Merged into the corresponding .NET application service."
"com/fspark/api/services/ProblemBankService.java","services","Implemented","src/Flowzy.Service","Merged into the corresponding .NET application service."
"com/fspark/api/services/ProblemBankServiceImpl.java","services","Implemented","src/Flowzy.Service","Merged into the corresponding .NET application service."
"com/fspark/api/services/ProblemImportRowExecutor.java","services","ImplementedPendingParity","src/Flowzy.Service/Imports/ImportService.Problems.cs","Per-row problem/domain upserts integrated with common import worker; mixed/upsert HTTP integration tested."
"com/fspark/api/services/ProblemImportRowExecutorImpl.java","services","ImplementedPendingParity","src/Flowzy.Service/Imports/ImportService.Problems.cs","Per-row problem/domain upserts integrated with common import worker; mixed/upsert HTTP integration tested."
"com/fspark/api/services/ProblemImportService.java","services","ImplementedPendingParity","src/Flowzy.Service/Imports/ImportService.Problems.cs","Per-row problem/domain upserts integrated with common import worker; mixed/upsert HTTP integration tested."
"com/fspark/api/services/ProblemImportServiceImpl.java","services","ImplementedPendingParity","src/Flowzy.Service/Imports/ImportService.Problems.cs","Per-row problem/domain upserts integrated with common import worker; mixed/upsert HTTP integration tested."
"com/fspark/api/services/ProblemSeedService.java","services","Pending","src/Flowzy.Service","Contract exists, but domain business behavior still requires a real .NET service implementation."
"com/fspark/api/services/ProblemSeedServiceImpl.java","services","Pending","src/Flowzy.Service","Contract exists, but domain business behavior still requires a real .NET service implementation."
"com/fspark/api/services/ProfileService.java","services","Implemented","src/Flowzy.Service","Merged into the corresponding .NET application service."
"com/fspark/api/services/ProfileServiceImpl.java","services","Implemented","src/Flowzy.Service","Merged into the corresponding .NET application service."
"com/fspark/api/services/RefreshTokenService.java","services","Implemented","src/Flowzy.Service","Merged into the corresponding .NET application service."
"com/fspark/api/services/RefreshTokenServiceImpl.java","services","Implemented","src/Flowzy.Service","Merged into the corresponding .NET application service."
"com/fspark/api/services/StoredImportMultipartFile.java","services","ImplementedPendingParity","src/Flowzy.Service/Imports/ImportService.cs","Shared background batch orchestration, isolated account-row transactions, reactivation and temporary-file lifecycle; ImportWorker hosts queue execution."
"com/fspark/api/services/StudentAccountImportRowExecutor.java","services","ImplementedPendingParity","src/Flowzy.Service/Imports/ImportService.cs","Shared background batch orchestration, isolated account-row transactions, reactivation and temporary-file lifecycle; ImportWorker hosts queue execution."
"com/fspark/api/services/StudentAccountImportService.java","services","ImplementedPendingParity","src/Flowzy.Service/Imports/ImportService.cs","Shared background batch orchestration, isolated account-row transactions, reactivation and temporary-file lifecycle; ImportWorker hosts queue execution."
"com/fspark/api/services/StudentAccountImportServiceImpl.java","services","ImplementedPendingParity","src/Flowzy.Service/Imports/ImportService.cs","Shared background batch orchestration, isolated account-row transactions, reactivation and temporary-file lifecycle; ImportWorker hosts queue execution."
"com/fspark/api/services/StudentAccountImportTemplateFactory.java","services","ImplementedPendingParity","src/Flowzy.Service/Imports/ImportTemplates.cs","Four NPOI templates; download and roundtrip tested, full visual-style parity not verified."
"com/fspark/api/services/StudentAccountImportValidationService.java","services","ImplementedPendingParity","src/Flowzy.Service/Imports/ImportValidation.cs","Consolidated validation with separate generic/roster rules; error ordering and Java SMART date resolution ported."
"com/fspark/api/services/StudentService.java","services","Pending","src/Flowzy.Service","Contract exists, but domain business behavior still requires a real .NET service implementation."
"com/fspark/api/services/StudentServiceImpl.java","services","Pending","src/Flowzy.Service","Contract exists, but domain business behavior still requires a real .NET service implementation."
"com/fspark/api/services/StudentTermWriteGuard.java","services","ImplementedPendingParity","src/Flowzy.Service/Groups/StudentTermWriteGuard.cs","Shared closed-term 409 rule for groups/tasks/boards; other domain call sites still require audit."
"com/fspark/api/services/TaskBoardService.java","services","ImplementedPendingParity","src/Flowzy.Service/Tasks/TaskBoardService.cs","Dedicated service/repository; tests cover defaults, lazy initialization, permissions and archive/delete restrictions."
"com/fspark/api/services/TaskBoardServiceImpl.java","services","ImplementedPendingParity","src/Flowzy.Service/Tasks/TaskBoardService.cs","Dedicated service/repository; tests cover defaults, lazy initialization, permissions and archive/delete restrictions."
"com/fspark/api/services/TokenBlacklistService.java","services","Implemented","src/Flowzy.Service","Merged into the corresponding .NET application service."
"com/fspark/api/services/TokenBlacklistServiceImpl.java","services","Implemented","src/Flowzy.Service","Merged into the corresponding .NET application service."
"com/fspark/api/utils/ApplicationContextHolder.java","utils","Pending","src/Flowzy.Service","Utility will be ported with its owning import/export/report domain."
"com/fspark/api/utils/CsvImportFileParser.java","utils","ImplementedPendingParity","src/Flowzy.Service/Imports/ImportFileParser.cs","Consolidated CSV/XLSX parser and header mapping; tests cover BOM, row numbers, sheet selection and inherited group fields."
"com/fspark/api/utils/ImportColumnMapper.java","utils","ImplementedPendingParity","src/Flowzy.Service/Imports/ImportFileParser.cs","Consolidated CSV/XLSX parser and header mapping; tests cover BOM, row numbers, sheet selection and inherited group fields."
"com/fspark/api/utils/ImportFileParser.java","utils","ImplementedPendingParity","src/Flowzy.Service/Imports/ImportFileParser.cs","Consolidated CSV/XLSX parser and header mapping; tests cover BOM, row numbers, sheet selection and inherited group fields."
"com/fspark/api/utils/StudentAccountImportFileParser.java","utils","ImplementedPendingParity","src/Flowzy.Service/Imports/ImportFileParser.cs","Consolidated CSV/XLSX parser and header mapping; tests cover BOM, row numbers, sheet selection and inherited group fields."
"com/fspark/api/utils/XlsxImportFileParser.java","utils","ImplementedPendingParity","src/Flowzy.Service/Imports/ImportFileParser.cs","Consolidated CSV/XLSX parser and header mapping; tests cover BOM, row numbers, sheet selection and inherited group fields."
"com/fspark/api/utils/XlsxReportSupport.java","utils","Pending","src/Flowzy.Service","Utility will be ported with its owning import/export/report domain."
